brand,model,title,price,shipping,location_country,year,condition,reference,listingUrl,imageUrl
Rolex,"Cosmograph Daytona 2023 for $52,335 for sale from a Trusted Seller on Chrono24","Rolex Cosmograph Daytona 2023 for $52,335 for sale from a Trusted Seller on Chrono24","$52,335",+ $616 for shipping,AE,,,,https://www.chrono24.com/rolex/cosmograph-daytona--2023--id44974758.htm,https://img.chrono24.com/images/uhren/89fk5vm2q3wf-jj2u63d14kpxr4kh3qyyo2bz-ExtraLarge.jpg
Rolex,Datejust 41 2022,"Rolex Datejust 41 2022 - 18K EVEROSE GOLD TWO TONE WIMBLEDON -... for $19,350 for sale from a Seller on Chrono24","$19,350",+ $616 for shipping,AE,,,,https://www.chrono24.com/rolex/rolex-datejust-41--id44974596.htm,https://img.chrono24.com/images/uhren/44974596-551fmjuy8zxw809oyyu7mbs6-ExtraLarge.jpg
Rolex,"Skydweller 42 Ref. 326933 Black Dial Stahl/Gold 2023... for $23,372 for sale from a Trusted Seller on Chrono24","Rolex Skydweller 42 Ref. 326933 Black Dial Stahl/Gold 2023... for $23,372 for sale from a Trusted Seller on Chrono24","$23,372",+ $616 for shipping,AE,,,,https://www.chrono24.com/rolex/rolex-skydweller-42-ref-326933-black-dial-stahlgold-2023-full-set-unworn-lc100--id44974350.htm,https://img.chrono24.com/images/uhren/44974350-7sfgsos9l4b2311i4opy2vhq-ExtraLarge.jpg
Rolex,Yacht-Master 40 Rolesium Ardesia Full set b/p NEW Unworn... for Price on request for sale from a Trusted Seller on Chrono24,Rolex Yacht-Master 40 Rolesium Ardesia Full set b/p NEW Unworn... for Price on request for sale from a Trusted Seller on Chrono24,"$13,500",+ $616 for shipping,AE,,,,https://www.chrono24.com/rolex/rolex-yacht-master-40--id44974274.htm,https://img.chrono24.com/images/uhren/44974274-agm4iudvajox5tc3avgyz6qx-ExtraLarge.jpg
Rolex,"Day-Date 40 for $57,207 for sale from a Trusted Seller on Chrono24","Rolex Day-Date 40 for $57,207 for sale from a Trusted Seller on Chrono24","$57,207",+ $616 for shipping,AE,,,,https://www.chrono24.com/rolex/rolex-day-date-40--id44974204.htm,https://img.chrono24.com/images/uhren/44974204-4xh0ibh72gmgwn9mz44c97jb-ExtraLarge.jpg
Rolex,"Submariner ""Starbucks MKII"" 126610LV for $16,634 for sale from a Trusted Seller on Chrono24","Rolex Submariner ""Starbucks MKII"" 126610LV for $16,634 for sale from a Trusted Seller on Chrono24","$16,634",+ $616 for shipping,AE,,,,https://www.chrono24.com/rolex/submariner-starbucks-mkii-126610lv--id44974162.htm,https://img.chrono24.com/images/uhren/44974162-lsto7tr26zj0a6ze3b7zqlb2-ExtraLarge.jpg
Rolex,"Datejust 41 Wimbledon, Oyster Bracelet, Full Set for $17,119 for sale from a Trusted Seller on Chrono24","Rolex Datejust 41 Wimbledon, Oyster Bracelet, Full Set for $17,119 for sale from a Trusted Seller on Chrono24","$17,119",+ $616 for shipping,AE,,,,https://www.chrono24.com/rolex/rolex-datejust-41--id44974069.htm,https://img.chrono24.com/images/uhren/44974069-djtm0yx5tub6t3u7121na9mw-ExtraLarge.jpg
Rolex,"Oyster Perpetual 41 134300 2026 Pistache Acier inoxydable for $15,017 for sale from a Trusted Seller on Chrono24","Rolex Oyster Perpetual 41 134300 2026 Pistache Acier inoxydable for $15,017 for sale from a Trusted Seller on Chrono24","$15,017",+ $616 for shipping,AE,,,,https://www.chrono24.com/rolex/oyster-perpetual-41-134300-2026-pistache-acier-inoxydable--id44973963.htm,https://img.chrono24.com/images/uhren/44973963-oxrrljyqfk78cke38su6aj32-ExtraLarge.jpg
Rolex,"Submariner Date 126610LN 2024 NEW 41mm for $15,662 for sale from a Trusted Seller on Chrono24","Rolex Submariner Date 126610LN 2024 NEW 41mm for $15,662 for sale from a Trusted Seller on Chrono24","$15,662",+ $616 for shipping,AE,,,,https://www.chrono24.com/rolex/rolex-submariner-date-126610ln-2024-new-41mm--id44973947.htm,https://img.chrono24.com/images/uhren/44973947-nxgv51cg406kokw2swo71wn6-ExtraLarge.jpg
Rolex,"GMT-Master II 2026 White tag , 126711CHNR for $23,589 for sale from a Seller on Chrono24","Rolex GMT-Master II 2026 White tag , 126711CHNR for $23,589 for sale from a Seller on Chrono24","$23,589",+ $616 for shipping,AE,,,,https://www.chrono24.com/rolex/gmt-master-ii-2026--id44973935.htm,https://img.chrono24.com/images/uhren/9dtyrfabprbd-2zflkx08vzqh6w6x4h2ssotn-ExtraLarge.jpg
Rolex,"Day-Date 40mm 228235 Olive Green 2023 NEW 40mm for $57,063 for sale from a Trusted Seller on Chrono24","Rolex Day-Date 40mm 228235 Olive Green 2023 NEW 40mm for $57,063 for sale from a Trusted Seller on Chrono24","$57,063",+ $616 for shipping,AE,,,,https://www.chrono24.com/rolex/rolex-day-date-40mm-228235-olive-green-2023-new-40mm--id44973365.htm,https://img.chrono24.com/images/uhren/44973365-omgv1u0mtphedzus80tqs8ek-ExtraLarge.jpg
Rolex,"2025 Rolex Daytona 40mm Oystersteel 126500LN-0002 for $31,695 for sale from a Trusted Seller on Chrono24","Rolex 2025 Rolex Daytona 40mm Oystersteel 126500LN-0002 for $31,695 for sale from a Trusted Seller on Chrono24","$31,695",+ $616 for shipping,AE,,,,https://www.chrono24.com/rolex/2025-rolex-daytona-40mm-oystersteel-126500ln-0002--id44973349.htm,https://img.chrono24.com/images/uhren/44973349-guwtekp02kynkak3ixhg51md-ExtraLarge.jpg
Rolex,"Oyster Perpetual 41 Full Set for $19,632 for sale from a Private Seller on Chrono24","Rolex Oyster Perpetual 41 Full Set for $19,632 for sale from a Private Seller on Chrono24","$19,632",+ $616 for shipping,AE,,,,https://www.chrono24.com/rolex/oyster-perpetual-41--id44973332.htm,https://img.chrono24.com/images/uhren/44973332-2db65rtqfzfjy9uvkap4otqa-ExtraLarge.jpg
Rolex,"Cosmograph Daytona ""Panda"" [2022] Stainless Steel -... for $32,496 for sale from a Trusted Seller on Chrono24","Rolex Cosmograph Daytona ""Panda"" [2022] Stainless Steel -... for $32,496 for sale from a Trusted Seller on Chrono24","$32,496",+ $616 for shipping,AE,,,,https://www.chrono24.com/rolex/cosmograph-daytona-panda-2022-stainless-steel---white---116500ln-0001--id44973301.htm,https://img.chrono24.com/images/uhren/44973301-w6bycav4m78u7c5mm8hqp5dg-ExtraLarge.jpg
Rolex,Cosmograph Daytona [2023] Stainless Steel,"Rolex Cosmograph Daytona [2023] Stainless Steel - White -... for $33,053 for sale from a Trusted Seller on Chrono24","$33,053",+ $616 for shipping,AE,,,,https://www.chrono24.com/rolex/cosmograph-daytona-2023-stainless-steel---white---116500ln-0001--id44973300.htm,https://img.chrono24.com/images/uhren/44973300-bc2cy6b27ytmtiimyjfuanqm-ExtraLarge.jpg
Rolex,"GMT-Master II for $25,086 for sale from a Trusted Seller on Chrono24","Rolex GMT-Master II for $25,086 for sale from a Trusted Seller on Chrono24","$25,086",+ $616 for shipping,AE,,,,https://www.chrono24.com/rolex/rolex-gmt-master-ii--id44973284.htm,https://img.chrono24.com/images/uhren/44973284-et9o3wqqvjlqhkfbe75zumhf-ExtraLarge.jpg
Rolex,"Explorer for $11,413 for sale from a Trusted Seller on Chrono24","Rolex Explorer for $11,413 for sale from a Trusted Seller on Chrono24","$11,413",+ $616 for shipping,AE,,,,https://www.chrono24.com/rolex/explorer--id44973236.htm,https://img.chrono24.com/images/uhren/1sx27oe6hl0p-y84tzua5bme4nybp69urpprc-ExtraLarge.jpg
Rolex,"GMT-Master II 40 Ref. 126713GRNR Zombie Stahl/Gold 2025... for $26,650 for sale from a Trusted Seller on Chrono24","Rolex GMT-Master II 40 Ref. 126713GRNR Zombie Stahl/Gold 2025... for $26,650 for sale from a Trusted Seller on Chrono24","$26,650",+ $616 for shipping,AE,,,,https://www.chrono24.com/rolex/rolex-gmt-master-ii-40-ref-126713grnr-zombie-stahlgold-2025-full-set-unworn--id44972823.htm,https://img.chrono24.com/images/uhren/44972823-iavq606cyna3zisgplu7jknc-ExtraLarge.jpg
Rolex,"Oyster Perpetual 34 34mm 124200-0006 Pistachio Dial for $9,505 for sale from a Trusted Seller on Chrono24","Rolex Oyster Perpetual 34 34mm 124200-0006 Pistachio Dial for $9,505 for sale from a Trusted Seller on Chrono24","$9,505",+ $616 for shipping,AE,,,,https://www.chrono24.com/rolex/rolex-oyster-perpetual-34-34mm-124200-0006-pistachio-dial--id44972778.htm,https://img.chrono24.com/images/uhren/44972778-vcqunfcuomfu0wb7jq0uokbv-ExtraLarge.jpg
Rolex,"Submariner Box & Papiere 2019 | LC100 | New for $13,355 for sale from a Trusted Seller on Chrono24","Rolex Submariner Box & Papiere 2019 | LC100 | New for $13,355 for sale from a Trusted Seller on Chrono24","$13,355",+ $616 for shipping,AE,,,,https://www.chrono24.com/rolex/rolex-submariner--id44972623.htm,https://img.chrono24.com/images/uhren/44972623-d42h3vghtmlejthk5v9wnzir-ExtraLarge.jpg
Rolex,"Yacht-Master 40 Black Dial 126621 for $19,420 for sale from a Trusted Seller on Chrono24","Rolex Yacht-Master 40 Black Dial 126621 for $19,420 for sale from a Trusted Seller on Chrono24","$19,420",+ $616 for shipping,AE,,,,https://www.chrono24.com/rolex/rolex-yacht-master-40--id44972567.htm,https://img.chrono24.com/images/uhren/44972567-t5k95jpojwm80z5d8a5s5ltl-ExtraLarge.jpg
Rolex,Oyster Perpetual 34 124200,"Rolex Oyster Perpetual 34 124200 - Pistachio for $10,350 for sale from a Trusted Seller on Chrono24","$10,350",+ $616 for shipping,AE,,,,https://www.chrono24.com/rolex/rolex-oyster-perpetual-34--id44972491.htm,https://img.chrono24.com/images/uhren/44972491-mb5ryneweiti23csexd9ml66-ExtraLarge.jpg
Rolex,"Explorer 40mm I 224270 I Full Set I 12/2025 I NEU I DE for $11,765 for sale from a Trusted Seller on Chrono24","Rolex Explorer 40mm I 224270 I Full Set I 12/2025 I NEU I DE for $11,765 for sale from a Trusted Seller on Chrono24","$11,765",+ $616 for shipping,AE,,,,https://www.chrono24.com/rolex/rolex-explorer--id44972475.htm,https://img.chrono24.com/images/uhren/44972475-ennbhee9f13pcoy6ogbx9q22-ExtraLarge.jpg
Rolex,,"Rolex - Unworn White Gold Daytona Black Diamond Dial 126509 for $59,950 for sale from a Trusted Seller on Chrono24","$59,950",+ $616 for shipping,AE,,,,https://www.chrono24.com/rolex/--unworn-white-gold-daytona-black-diamond-dial-126509--id44972451.htm,https://img.chrono24.com/images/uhren/44972451-wazie7u46zegwky7cubeccm3-ExtraLarge.jpg
Rolex,,"Rolex - Unworn Datejust 31 Blue Roman Dial Jubilee Bracelet... for $12,100 for sale from a Trusted Seller on Chrono24","$12,100",+ $616 for shipping,AE,,,,https://www.chrono24.com/rolex/--unworn-datejust-31-blue-roman-dial-jubilee-bracelet-278240--id44972450.htm,https://img.chrono24.com/images/uhren/44972450-6esuc7jjcu2inl1k7aex9hbp-ExtraLarge.jpg
Rolex,,"Rolex - Unworn Explorer II 42mm White Dial 226570 for $13,650 for sale from a Trusted Seller on Chrono24","$13,650",+ $616 for shipping,AE,,,,https://www.chrono24.com/rolex/--unworn-explorer-ii-42mm-white-dial-226570--id44972449.htm,https://img.chrono24.com/images/uhren/44972449-c8pc0z65om6s0891d3efk0yx-ExtraLarge.jpg
Rolex,,"Rolex - Unworn Rose Gold Day-Date 40 Presidential Sundust... for $63,950 for sale from a Trusted Seller on Chrono24","$63,950",+ $616 for shipping,AE,,,,https://www.chrono24.com/rolex/--unworn-rose-gold-day-date-40-presidential-sundust-baguette-dial-228235--id44972448.htm,https://img.chrono24.com/images/uhren/44972448-gkr34m48dze7fmdzxhbkmfas-ExtraLarge.jpg
Rolex,,"Rolex - Unworn Yellow Gold Day-Date 40 Presidential Champagne... for $62,950 for sale from a Trusted Seller on Chrono24","$62,950",+ $616 for shipping,AE,,,,https://www.chrono24.com/rolex/--unworn-yellow-gold-day-date-40-presidential-champagne-baguette-dial-228238--id44972446.htm,https://img.chrono24.com/images/uhren/44972446-onewk8n4q9stwzamrw7soeey-ExtraLarge.jpg
Rolex,,"Rolex - Unworn Datejust 31 Pink Index Dial Oyster Bracelet 278240 for $11,350 for sale from a Trusted Seller on Chrono24","$11,350",+ $616 for shipping,AE,,,,https://www.chrono24.com/rolex/--unworn-datejust-31-pink-index-dial-oyster-bracelet-278240--id44972443.htm,https://img.chrono24.com/images/uhren/44972443-oexpoo4d6cp7a8cu1ykx6g1m-ExtraLarge.jpg
Rolex,,"Rolex - Unworn Platinum Day-Date 40 Presidential Ice Blue... for $85,850 for sale from a Trusted Seller on Chrono24","$85,850",+ $616 for shipping,AE,,,,https://www.chrono24.com/rolex/--unworn-platinum-day-date-40-presidential-ice-blue-roman-dial-228236--id44972442.htm,https://img.chrono24.com/images/uhren/44972442-esvm1m1e0i6jwqa020yba53k-ExtraLarge.jpg
Rolex,,"Rolex - Unworn White Gold Daytona Black Dial 126509 for $58,500 for sale from a Trusted Seller on Chrono24","$58,500",+ $616 for shipping,AE,,,,https://www.chrono24.com/rolex/--unworn-white-gold-daytona-black-dial-126509--id44972441.htm,https://img.chrono24.com/images/uhren/44972441-furlgcdr36djo8l9pdt22dge-ExtraLarge.jpg
Rolex,,"Rolex - Unworn Sea-Dweller 126603 for $20,400 for sale from a Trusted Seller on Chrono24","$20,400",+ $616 for shipping,AE,,,,https://www.chrono24.com/rolex/--unworn-sea-dweller-126603--id44972439.htm,https://img.chrono24.com/images/uhren/44972439-9bsd7b39mne6f37994dpaulo-ExtraLarge.jpg
Rolex,,"Rolex - Unworn Datejust 31 Pink Roman Dial Oyster Bracelet 278240 for $11,300 for sale from a Trusted Seller on Chrono24","$11,300",+ $616 for shipping,AE,,,,https://www.chrono24.com/rolex/--unworn-datejust-31-pink-roman-dial-oyster-bracelet-278240--id44972438.htm,https://img.chrono24.com/images/uhren/44972438-9ogp7vzkvocc7abgdg52qkd6-ExtraLarge.jpg
Rolex,,"Rolex - Unworn Rose Gold Day-Date 40 Presidential Chocolate... for $64,950 for sale from a Trusted Seller on Chrono24","$64,950",+ $616 for shipping,AE,,,,https://www.chrono24.com/rolex/--unworn-rose-gold-day-date-40-presidential-chocolate-baguette-dial-228235--id44972433.htm,https://img.chrono24.com/images/uhren/44972433-trok5erhak81cwoykjka3zdu-ExtraLarge.jpg
Rolex,,"Rolex - Unworn Datejust 31 Pink Index Dial Jubilee Bracelet... for $11,850 for sale from a Trusted Seller on Chrono24","$11,850",+ $616 for shipping,AE,,,,https://www.chrono24.com/rolex/--unworn-datejust-31-pink-index-dial-jubilee-bracelet-278240--id44972432.htm,https://img.chrono24.com/images/uhren/44972432-fxawbb5mi4azqnwxbn7cmgyi-ExtraLarge.jpg
Rolex,,"Rolex - Unworn Yellow Gold Day-Date 40 Presidential Champagne... for $58,150 for sale from a Trusted Seller on Chrono24","$58,150",+ $616 for shipping,AE,,,,https://www.chrono24.com/rolex/--unworn-yellow-gold-day-date-40-presidential-champagne-roman-dial-228238--id44972431.htm,https://img.chrono24.com/images/uhren/44972431-klmk7l5s9ew19nxc9xdn0ixj-ExtraLarge.jpg
Rolex,,"Rolex - Unworn Yacht-Master 40mm 126622 Blue Dial for $15,650 for sale from a Trusted Seller on Chrono24","$15,650",+ $616 for shipping,AE,,,,https://www.chrono24.com/rolex/--unworn-yacht-master-40mm-126622-blue-dial--id44972428.htm,https://img.chrono24.com/images/uhren/44972428-k2y2opujyr0dqcz9r50b6uuu-ExtraLarge.jpg
Rolex,,"Rolex - Unworn Rose Gold Day-Date 40 Presidential Chocolate... for $54,950 for sale from a Trusted Seller on Chrono24","$54,950",+ $616 for shipping,AE,,,,https://www.chrono24.com/rolex/--unworn-rose-gold-day-date-40-presidential-chocolate-roman-dial-228235--id44972426.htm,https://img.chrono24.com/images/uhren/44972426-59xkp4ptwv4u50mkk2tuvo8a-ExtraLarge.jpg
Rolex,,"Rolex - Unworn White Gold Daytona Black Dial 126519LN for $50,500 for sale from a Trusted Seller on Chrono24","$50,500",+ $616 for shipping,AE,,,,https://www.chrono24.com/rolex/--unworn-white-gold-daytona-black-dial-126519ln--id44972425.htm,https://img.chrono24.com/images/uhren/44972425-5vklm87rliuiylydf0nsps6e-ExtraLarge.jpg
Rolex,,"Rolex - Unworn White Gold Daytona Black Diamond Dial 126519LN for $53,950 for sale from a Trusted Seller on Chrono24","$53,950",+ $616 for shipping,AE,,,,https://www.chrono24.com/rolex/--unworn-white-gold-daytona-black-diamond-dial-126519ln--id44972424.htm,https://img.chrono24.com/images/uhren/44972424-qftuyjtcc52gael2e6th1d2a-ExtraLarge.jpg
Rolex,,"Rolex - Unworn Datejust 31 Pink Roman Dial Jubilee Bracelet... for $11,800 for sale from a Trusted Seller on Chrono24","$11,800",+ $616 for shipping,AE,,,,https://www.chrono24.com/rolex/--unworn-datejust-31-pink-roman-dial-jubilee-bracelet-278240--id44972421.htm,https://img.chrono24.com/images/uhren/44972421-bdg2ig0j9p76gl53f08xaq0a-ExtraLarge.jpg
Rolex,,"Rolex - Unworn Two Tone Rose Gold Yacht-Master 37mm 268621... for $18,750 for sale from a Trusted Seller on Chrono24","$18,750",+ $616 for shipping,AE,,,,https://www.chrono24.com/rolex/--unworn-two-tone-rose-gold-yacht-master-37mm-268621-chocolate-dial--id44972419.htm,https://img.chrono24.com/images/uhren/44972419-esfubkaouuhg9bgwgakckxx1-ExtraLarge.jpg
Rolex,,"Rolex - Unworn Yellow Gold Day-Date 40 Presidential Green... for $65,950 for sale from a Trusted Seller on Chrono24","$65,950",+ $616 for shipping,AE,,,,https://www.chrono24.com/rolex/--unworn-yellow-gold-day-date-40-presidential-green-roman-dial-228238--id44972418.htm,https://img.chrono24.com/images/uhren/44972418-jyoizxf7aium7ji70fxzhef6-ExtraLarge.jpg
Rolex,,"Rolex - Unworn Datejust 31 Blue Roman Dial Oyster Bracelet 278240 for $11,600 for sale from a Trusted Seller on Chrono24","$11,600",+ $616 for shipping,AE,,,,https://www.chrono24.com/rolex/--unworn-datejust-31-blue-roman-dial-oyster-bracelet-278240--id44972417.htm,https://img.chrono24.com/images/uhren/44972417-vh9s3uyvuynf1gpp3yfczy66-ExtraLarge.jpg
Rolex,,"Rolex - Unworn Yacht-Master 37mm Rhodium Dial 268622 for $14,550 for sale from a Trusted Seller on Chrono24","$14,550",+ $616 for shipping,AE,,,,https://www.chrono24.com/rolex/--unworn-yacht-master-37mm-rhodium-dial-268622--id44972411.htm,https://img.chrono24.com/images/uhren/44972411-3w31priowjfs4w8lhpvx6107-ExtraLarge.jpg
Rolex,,"Rolex - Unworn Rose Gold Day-Date 40 Presidential Sundust... for $54,950 for sale from a Trusted Seller on Chrono24","$54,950",+ $616 for shipping,AE,,,,https://www.chrono24.com/rolex/--unworn-rose-gold-day-date-40-presidential-sundust-roman-dial-228235--id44972410.htm,https://img.chrono24.com/images/uhren/44972410-cmr16o7gmnarqmsesz4z8zj7-ExtraLarge.jpg
Rolex,,"Rolex - Unworn Rose Gold Yacht-Master 40mm 126655 for $34,300 for sale from a Trusted Seller on Chrono24","$34,300",+ $616 for shipping,AE,,,,https://www.chrono24.com/rolex/--unworn-rose-gold-yacht-master-40mm-126655--id44972405.htm,https://img.chrono24.com/images/uhren/44972405-pq8jkf2brpw1xr20f2yje0w7-ExtraLarge.jpg
Rolex,"Datejust 41 Oyster Steel/white Gold 18k Black Dial REF.... for $16,818 for sale from a Trusted Seller on Chrono24","Rolex Datejust 41 Oyster Steel/white Gold 18k Black Dial REF.... for $16,818 for sale from a Trusted Seller on Chrono24","$16,818",+ $616 for shipping,AE,,,,https://www.chrono24.com/rolex/rolex-datejust-41-oyster-steelwhite-gold-18k-black-dial--id44972166.htm,https://img.chrono24.com/images/uhren/44972166-vizywqwyya41ikdfqknx8utn-ExtraLarge.jpg
Rolex,"Datejust 41 Full set for $26,867 for sale from a Seller on Chrono24","Rolex Datejust 41 Full set for $26,867 for sale from a Seller on Chrono24","$26,867",+ $616 for shipping,AE,,,,https://www.chrono24.com/rolex/rolex-datejust-41--id44972034.htm,https://img.chrono24.com/images/uhren/44972034-piyh4mebg7a3orz2zf2yzncz-ExtraLarge.jpg
Rolex,"Datejust 41 Pełen zestaw, Polska dystrybucja, perfekcyjn... for $12,022 for sale from a Private Seller on Chrono24","Rolex Datejust 41 Pełen zestaw, Polska dystrybucja, perfekcyjn... for $12,022 for sale from a Private Seller on Chrono24","$12,022",+ $616 for shipping,AE,,,,https://www.chrono24.com/rolex/datejust-41--id44972022.htm,https://img.chrono24.com/images/uhren/10c5r2e1su19-3m83eg1ghotfvoqdnkjgdt4m-ExtraLarge.jpg
Rolex,"Datejust 36 Ref. 116234 NOS Scatola e Garanzia Rolex for $14,691 for sale from a Trusted Seller on Chrono24","Rolex Datejust 36 Ref. 116234 NOS Scatola e Garanzia Rolex for $14,691 for sale from a Trusted Seller on Chrono24","$14,691",+ $616 for shipping,AE,,,,https://www.chrono24.com/rolex/rolex-datejust-36--id44971984.htm,https://img.chrono24.com/images/uhren/44971984-rv8buht3q6gle7hdkovlcc4s-ExtraLarge.jpg
Rolex,"2021 White Gold GMT Master II Factory Meteorite Dial... for $61,228 for sale from a Trusted Seller on Chrono24","Rolex 2021 White Gold GMT Master II Factory Meteorite Dial... for $61,228 for sale from a Trusted Seller on Chrono24","$61,228",+ $616 for shipping,AE,,,,https://www.chrono24.com/rolex/2021-white-gold-gmt-master-ii-factory-meteorite-dial-unworn-full-set-full-stickers-126719blro--id44971768.htm,https://img.chrono24.com/images/uhren/fsduzdbv4t9y-jr1vuc1blko8ma8ms4ob57o4-ExtraLarge.jpg
Rolex,"Datejust II White Diamond Dial for $14,613 for sale from a Seller on Chrono24","Rolex Datejust II White Diamond Dial for $14,613 for sale from a Seller on Chrono24","$14,613",+ $616 for shipping,AE,,,,https://www.chrono24.com/rolex/rolex-datejust-ii--id44971693.htm,https://img.chrono24.com/images/uhren/44971693-pm21wxga8s08kesjw4p8wmbd-ExtraLarge.jpg
Rolex,"Daytona New/Ungetragen 02/2026 , LC100, Fullset for $106,223 for sale from a Trusted Seller on Chrono24","Rolex Daytona New/Ungetragen 02/2026 , LC100, Fullset for $106,223 for sale from a Trusted Seller on Chrono24","$106,223",+ $616 for shipping,AE,,,,https://www.chrono24.com/rolex/daytona--id44971679.htm,https://img.chrono24.com/images/uhren/o84up9dcytoj-yb4hzmuucm5v57467qjeri21-ExtraLarge.jpg
Rolex,"Deepsea Blue 44mm 18ct Yellow Gold for $67,497 for sale from a Seller on Chrono24","Rolex Deepsea Blue 44mm 18ct Yellow Gold for $67,497 for sale from a Seller on Chrono24","$67,497",+ $616 for shipping,AE,,,,https://www.chrono24.com/rolex/rolex-deepsea--id44971574.htm,https://img.chrono24.com/images/uhren/44971574-yuc441uuqigaar0b0i3btuvh-ExtraLarge.jpg
Rolex,"Daytona FULL SET for $53,928 for sale from a Seller on Chrono24","Rolex Daytona FULL SET for $53,928 for sale from a Seller on Chrono24","$53,928",+ $616 for shipping,AE,,,,https://www.chrono24.com/rolex/rolex-daytona--id44971567.htm,https://img.chrono24.com/images/uhren/44971567-4ddsgfeskzcckd7je3isjqk7-ExtraLarge.jpg
Rolex,"Daytona Black dial 116500LN UNWORN for $29,156 for sale from a Seller on Chrono24","Rolex Daytona Black dial 116500LN UNWORN for $29,156 for sale from a Seller on Chrono24","$29,156",+ $616 for shipping,AE,,,,https://www.chrono24.com/rolex/rolex-daytona--id44971372.htm,https://img.chrono24.com/images/uhren/44971372-dsfa7nbckukua8uervbabh30-ExtraLarge.jpg
Rolex,"GMT-Master II Brand new partially stickered for $19,911 for sale from a Seller on Chrono24","Rolex GMT-Master II Brand new partially stickered for $19,911 for sale from a Seller on Chrono24","$19,911",+ $616 for shipping,AE,,,,https://www.chrono24.com/rolex/gmt-master-ii--id44971253.htm,https://img.chrono24.com/images/uhren/nldo99ov2g10-wfvmok7drg2x9p9wb4xg9w6m-ExtraLarge.jpg
Rolex,"Datejust 41 EVEROSE & GOLD STEEL ‘WIMBLEDON’ GREY DIAL for $21,356 for sale from a Private Seller on Chrono24","Rolex Datejust 41 EVEROSE & GOLD STEEL ‘WIMBLEDON’ GREY DIAL for $21,356 for sale from a Private Seller on Chrono24","$21,356",+ $616 for shipping,AE,,,,https://www.chrono24.com/rolex/datejust-41--id44971207.htm,https://img.chrono24.com/images/uhren/44971207-vvmx1j5743d7w42w9c9vjnaf-ExtraLarge.jpg
Rolex,"Datejust 41 Ref. 126300, unworn, full stickers for $11,898 for sale from a Trusted Seller on Chrono24","Rolex Datejust 41 Ref. 126300, unworn, full stickers for $11,898 for sale from a Trusted Seller on Chrono24","$11,898",+ $616 for shipping,AE,,,,https://www.chrono24.com/rolex/rolex-datejust-41--id44971134.htm,https://img.chrono24.com/images/uhren/44971134-3coza9n6lx2wwuo2lkikfsw0-ExtraLarge.jpg
